text,summary
"JUARA.NET , MISANO ADRIATICO - Pebalap Repsol Honda Team , Marc Marquez , berhasil menjadi yang tercepat pada sesi latihan bebas pertama ( FP1 ) GP San Marino di Sirkuit Misano , Jumat ( 8 / 9 / 2017 ) . Pada sesi ini , Marquez menorehkan putaran tercepat 1 menit   33,556 detik . Ia mengungguli dua pebalap Ducati Team , Michele Pirro dan Andrea Dovizioso . Pebalap pertama yang mampu menorehkan putaran tercepat yakni Alvaro Bautista . Ia mencatatkan waktu 1 menit 43,542 detik saat FP1 berlangsung lima menit . Tak lama kemudian , Petrucci sukses menggeser Bautista berkat catatan waktu 1 menit 42,330 detik . Setelah itu , Petrucci sempat tergeser beberapa kali oleh Zarco dan Bautista . Namun , dia kembali menjadi yang tercepat dengan waktu 1 menit 35,872 detik . Selanjutnya , giliran Marquez yang mengakuisisi status pebalap tercepat . Dia berhasil menorehkan catatan waktu 1 menit 35,274 detik . Marquez kemudian tampil semakin impresif . Pebalap 24 tahun itu sukses mempertajam putaran waktunya hingga menjadi 1 menit 33,951 detik . FP1 juga diwarnai oleh sejumlah insiden jatuh yang dialami oleh sejumlah pebalap , salah satunya Zarco . Pebalap asal Perancis itu terjatuh saat melewati tikungan 6 . Tiga menit menjelang berakhir FP1 , Marquez kembali mempertajam catatan waktunya menjadi 1 menit 33,556 detik . Marquez pun menjadi pebalap tercepat pada sesi ini . Para pebalap akan kembali ke lintasan untuk menjalani sesi latihan bebas kedua ( FP2 ) pada pukul 14.05 waktu setempat , atau 19.05 WIB .","Marc Marquez menjadi yang tercepat pada sesi FP1 GP San Marino di Sirkuit Misano , Jumat ( 8 / 9 / 2017 ) . Pada sesi ini , Marquez menorehkan putaran tercepat 1 menit 33,556 detik . Ia mengungguli dua pebalap Ducati Team , Michele Pirro dan Andrea Dovizioso . FP1 juga diwarnai sejumlah insiden jatuh yang dialami sejumlah pebalap , salah satunya Zarco . Pebalap asal Perancis itu terjatuh saat melewati tikungan 6 ."
"Jakarta , CNN Indonesia - - Kepergian personel SHINee , Jonghyun , menyisakan duka yang mendalam bagi para penggemarnya di seluruh penjuru dunia . Para fan kembali mengenang Jonghyun dengan mendengarkan lagu - lagunya . Lagu - lagu Jonghyun yang sempat populer beberapa waktu lalu kembali merajai tangga lagu di Korea Selatan dan sejumlah negara , Selasa ( 19 / 12 ) . Single milik Jonghyun bertajuk Lonely menempati posisi pertama di tangga lagu Melon , tangga lagu terbesar di Korea Selatan . Lagu yang berduet dengan personel Girls Generation Taeyeon itu merupakan bagian dalam album kompilasi kedua Jonghyun , The Collection : Story Op.2 . Lonely yang rilis pada 24 April lalu itu juga menduduki posisi pertama di Genie , tangga lagu besar lainnya di Negeri Ginseng . Sementara di Naver Music dan Bugs , Lonely menempati peringkat ketiga . Tembang lain dari Jonghyun , bertajuk End of A Day juga menjadi trending pertama di Bugs , Mnet Music Chart , Naver Music , dan Soribada . Lagu itu dirilis pada 17 September 2015 . Sementara di Indonesia , lagu Lonely menempati posisi keempat di tangga lagu iTunes , Selasa ( 19 / 12 ) . Lonely berada di bawah Perfect milik Ed Sheeran , Perfect ( REMIX ) duet Ed Sheeran dan Beyonce , serta Havana milik Camila Cabello . Lagu Jonghyun lainnya , End of A Day menduduki posisi ke - 15 . Dalam kategori album , The Collection : Story Op.2 dan The Collection : Story Op.1 milik Jonghyun berturut-turut bertengger di posisi tiga dan empat . Penggemar Jonghyun dan SHINee juga banyak mengunggah lagu-lagu Jonghyun di media sosial . Jonghyun meninggal dunia pada Senin ( 18 / 12 ) sore . Tubuhnya ditemukan tak sadarkan diri di sebuah apartemen . Jonghyun sempat dilarikan ke rumah sakit , namun nyawanya tak terselamatkan . Kepolisian Gangnam yang menangani kasus itu menyimpulkan Jonghyun meninggal karena bunuh diri . Jenazah Jonghyun bakal disemayamkan pada Kamis ( 21 / 12 ) mendatang . ( end )","Kepergian personel SHINee , Jonghyun , menyisakan duka yang mendalam bagi para penggemarnya di seluruh penjuru dunia . Para fan kembali mengenang Jonghyun dengan mendengarkan lagu - lagunya . Lagu - lagu yang sempat populer beberapa waktu lalu kembali merajai tangga lagu di Korea Selatan dan sejumlah negara , Selasa ( 19 / 12 ) . Single milik Jonghyun bertajuk Lonely menempati posisi pertama di tangga lagu Melon , tangga lagu terbesar di Korea Selatan ."
"Buat sebagian orang , berolahraga dianggap cukup melelahkan , apalagi jika kamu juga berusaha untuk melakukan diet dan menurunkan berat badan . Namun , sadar atau enggak , untuk hidup sehat , kamu enggak perlu melakukan diet ketat atau olahraga berat setiap hari . Sebab , kamu cukup melakukan lima hal sederhana berikut ini , agar kamu mendapatkan tubuh yang sehat . Apa saja ? Berikut rangkuman kumparan ( kumparan.com ) seperti yang dikutip dari Her World . 1 . Buat makan siang sendiri Ini merupakan salah satu hal sederhana yang bisa kamu lakukan saat harus mengerjakan beberapa tugas menumpuk di kantor . Bangun lebih pagi dan memasukkan beberapa bahan makanan tertentu bisa membuat kamu lebih sehat . Hal ini juga bisa kamu lakukan saat makan malam . 2 . Minum air yang cukup Minum air penting untuk menjaga cairan yang ada pada tubuh . Selain itu , meminum air yang cukup juga akan membantu kamu untuk mengurangi rasa lapar sehingga membuat kamu enggak mengonsumsi terlalu banyak makanan . Hal ini ampuh untuk menurunkan berat badan kamu , lho . 3 . Jangan makan sampai kenyang Enggak semua makanan yang ada di atas piring makan siang kamu harus dilahap habis . Namun , hal ini bukan berarti kamu harus membuangnya , tapi kamu harus mengurangi porsi makanan sebelum menyantapnya . Otak membutuhkan waktu sekitar 20 menit untuk mendefinisikan bahwa tubuh kita sudah kenyang atau belum . Itu sebabnya , usahakan untuk mengendalikan jumlah makanan yang kamu makan . 4 . Tidur yang cukup Ini merupakan salah satu cara paling mudah dan sempurna untuk kamu yang ingin hidup sehat . Tubuh membutuhkan waktu tidur sekitar 7 hingga 9 jam pada malam hari . Karenanya , singkirkan semua gangguan yang bisa mengganggu tidur kamu saat berada di tempat tidur ya . 5 . Sayuran dan buah beku Sayur dan buah segar enggak bisa bertahan terlalu lama saat kamu membawanya pulang . Di sisi lain , kegiatan dan aktivitas kamu yang padat membuat kamu enggak bisa selalu belanja ke pasar atau supermarket untuk membeli sayur dan buah yang segar . Karenanya , coba ganti dengan sayur dan buah beku yang memiliki kandungan antioksidan dan nutrisi yang hampir sama dengan sayur dan buah yang segar .","Sadar atau enggak , untuk hidup sehat , kamu enggak perlu melakukan diet ketat atau olahraga berat setiap hari . Sebab , kamu cukup melakukan lima hal sederhana berikut ini , agar kamu mendapatkan tubuh yang sehat , yakni : buat makan siang sendiri , minum air yang cukup , jangan makan sampai kenyang , tidur yang cukup dan konsumsi sayuran dan buah beku ."
"SUKABUMI – Kusuma Hartanto alias Om Shancoz , juru parkir di Jalan RE Martadinata , Kecamatan Cikole , Kota Sukabumi , Jawa Barat berniat mendonorkan matanya untuk penyidik senior KPK , Novel Baswedan . Sikap mulianya itu sempat viral di jejaring sosial Facebook setelah temannya mengutarakan keinginannya itu . Malah , Om Shancoz kini masih bertanya-tanya seputar alamat KPK dan proses mendonorkan mata . “ Niat saya sudah bulat mendonorkan mata untuk pejuang antikorupsi Pak Novel , ” ucap Om Shancoz yang muallaf ini . ( Baca : Novel Baswedan Salat Jumat , ` Alhamdulillah , Kondisi Baik ` ) Awal mula terbersit mendonorkan mata setelah dia mengetahui di berbagai pemberitaan bahwa Novel mengalami penyiraman air keras hingga mengenai matanya . Bahkan , hingga kini kondisi mata Novel belum pulih meski sudah menjalani operasi di rumah sakit Singapura . “ Saya merasa terpanggil . Beliau mengalami aksi orang tak bertanggung jawab . Saya sudah mantap mendonorkan mata untuk beliau , ” ungkap Shancoz yang sudah hampir 15 tahun menjadi juru parkir ini . Aksi mulianya ini menyulut pujian , terutama dari teman-teman dekatnya . “ Saya salut terhadap Om Shancoz , demi membela orang yang berjuang memberantas korupsi siap berkorban . Saya kenal dengan beliau , selama ini dia tak pernah ketinggalan salat , ” ungkap temannya , Ali Makmun Iman ( 35 ) . ( sule / sir )","Kusuma Hartanto alias Om Shancoz , juru parkir di Jalan RE Martadinata , Kecamatan Cikole , Kota Sukabumi , Jawa Barat berniat mendonorkan matanya untuk penyidik senior KPK , Novel Baswedan . Awal mula terbersit mendonorkan mata setelah dia mengetahui bahwa Novel mengalami penyiraman air keras hingga mengenai matanya . Bahkan , hingga kini kondisi mata Novel belum pulih meski sudah menjalani operasi di rumah sakit Singapura ."
"Pop - up ad , alias iklan yang tiba-tiba muncul dan seringkali menutupi sebagian besar konten yang tersaji , menurut saya adalah salah satu elemen perusak user experience . Semenarik apapun iklannya , saya yakin pengguna pasti sempat merasa kesal ketika sedang asyik membaca suatu artikel lalu diinterupsi dan ditutupi bacaannya begitu saja . Situasinya bertambah parah ketika medium yang dilibatkan adalah virtual reality : sedang asyik menjelajah dunia virtual , tiba-tiba muncul iklan berukuran masif di depan mata yang seketika itu juga merusak sensasi immersive yang dirasakan . Namun tanpa iklan developer konten pasti sulit bertahan , apalagi mengingat pertumbuhan pasar VR tergolong lambat . Solusinya , menurut perusahaan asal Swedia bernama Advrty , adalah native advertising . Berkaca pada konsep native ads , Advrty menciptakan platform monetisasi yang dirancang agar developer dapat menyelipkan iklan ke dalam konten bikinannya tanpa merusak kesan immersive itu tadi . Ide awal Advrty adalah menggunakan gambar atau video sebagai product placement pada baliho , poster atau spot lain seperti sebuah cangkir di dalam game . Agar iklan yang tersaji bisa terasa relevan , Advrty juga menciptakan sistem khusus yang dapat mengenali konteks . Sistem itu dibuat untuk mencegah misalnya , iklan yang seharusnya ditujukan buat baliho malah mendarat di sebuah kaleng minuman . Contoh lainnya adalah mencegah iklan sebuah smartphone muncul di game dengan setting era medieval . Penempatan iklannya juga disesuaikan dengan ke arah mana biasanya pengguna memandang , atau dengan objek apa mereka umumnya berinteraksi . Semuanya ditujukan agar iklan dapat tetap terekspos dengan baik , tapi di saat yang sama tidak mengganggu sesi gaming pengguna . Sejauh ini Advrty sudah mengeksekusi konsep menariknya ini bersama Coca - Cola , yang iklannya diselipkan ke dalam game Merry Snowballs karya Hatrabbit Entertainment . Di game tembak - tembakan bola salju tersebut , tampak bahwa iklan Coca - Cola yang ditampilkan juga mengadopsi tema Natal . Coca - Cola jelas merupakan klien yang cukup besar . Namun ini tidak terlalu mengejutkan mengingat sang produsen minuman bersoda tersebut baru-baru ini juga bereksperimen dengan iklan untuk game yang bukan sebatas placement saja , tapi juga terikat dengan jalan cerita permainan . Platform bikinan Advrty sejauh ini baru kompatibel dengan game yang dibuat menggunakan engine Unity , tapi mereka saat ini sedang sibuk menghadirkan dukungan untuk Unreal Engine . Bagaimana dengan augmented reality ( AR ) ? Advrty memang baru berfokus di VR , tapi mereka juga punya rencana sendiri untuk AR , meski masih ada sejumlah tantangan yang harus dilewati . Yang paling utama , menempatkan iklan pada konten AR terasa sulit karena setting -nya bukanlah dunia virtual , melainkan lingkungan di sekitar pengguna yang amat bervariasi – terkecuali yang dipasang adalah iklan pop-up menyebalkan itu tadi . Sumber : VentureBeat . DailySocial.id adalah portal berita startup dan inovasi teknologi . Kamu bisa menjadi member komunitas startup dan inovasi DailySocial.id , mengunduh laporan riset dan statistik seputar teknologi secara cuma-cuma , dan mengikuti berita startup Indonesia dan gadget terbaru .","Advrty menciptakan platform monetisasi yang dirancang agar developer dapat menyelipkan iklan ke dalam konten bikinannya tanpa merusak kesan immersive . Ide awal Advrty adalah menggunakan gambar atau video sebagai product placement pada baliho , poster atau spot lain seperti sebuah cangkir di dalam game . Agar iklan yang tersaji bisa terasa relevan , Advrty juga menciptakan sistem khusus yang dapat mengenali konteks ."
"Carlton Cole   yang pernah memperkuat West Ham United sudah tiba di kantor PT Persib Bandung Bermartabat untuk menjadi bagian   Persib Bandung   mengarungi kompetisi   Liga 1 2017   . Mantan striker tim nasional Inggris hasil didikan akademi Chelsea itu merupakan rekrutan masif kedua     Maung Bandung    setelah gelandang asal Ghana , Michael Essien , yang pernah merumput bersama Chelsea , Real Madrid dan AC Milan . SIMAK JUGA - Persib Pastikan Incar Cole Ada kabar bahwa bomber berusia 33 tahun itu akan mengikuti latihan bersama     Pangeran Biru    hari ini juga . Pelatih Djadjang Nurdjaman sebelumnya pernah menyatakan memang ingin mendatangkan striker asing menyusul cedera panjang Sergio van Dijk . Karier Cole memang telah surut di Inggris dan pindah ke Celtic pada 2015 . Kemudian ia membela Sacramento Republic pada tahun lalu . Kehadiran Cole diyakini bakal menambah pamor Persib yang sudah mendunia usai perekrutan Essien . SIMAK JUGA - Djadjang Abaikan Statistik Cole Pengoleksi tujuh caps internasional Inggris dalam rentang 2009 - 2010 ini akan menggunakan nomor punggung 12 di Persib . Hingga berita ini diturunkan , belum ada detail kesepakatan yang diumumkan manajemen tim .","Carlton Cole yang pernah memperkuat West Ham United sudah tiba di kantor PT Persib Bandung Bermartabat untuk menjadi bagian Persib Bandung mengarungi kompetisi Liga 1 2017 . Mantan striker tim nasional Inggris hasil didikan akademi Chelsea itu merupakan rekrutan masif kedua Maung Bandung setelah gelandang asal Ghana , Michael Essien , yang pernah merumput bersama Chelsea , Real Madrid dan AC ."
"Jakarta , CNN Indonesia - - Kepolisian mengantongi identitas lima pelaku lain dalam kasus pengeroyokan dan pembakaran terduga pencuri pengeras suara musala , Muhammad Al Azhar ( MA ) alias Zoya , di Pasar Muara Bakti , Kabupaten Bekasi , Jawa Barat , Selasa ( 1 / 8 ) lalu . Dua pelaku lain berinisial NMH dan SH yang telah ditangkap pada Minggu ( 6 / 8 ) . Sementara lima terduga pelaku lain belum diungkap identitasnya dan masih dalam proses pengejaran . "" Nanti ada lima lagi yang kami kejar . Kami sudah tahu identitas dan perannya . Ada peran menyimpan bensin , ada yang membakar , "" kata Kapolda Metro Jaya Inspektur Jenderal Idham Aziz di Jakarta , Selasa ( 8 / 8 ) . Menurut Idham , kejadian yang menewaskan Zoya di Bekasi seharusnya tidak perlu karena justru melanggar hukum . Dia menilai warga kelewatan emosional sehingga melakukan pemukulan dan pembakaran . "" Mungkin saja karena dia merasa si pelaku atau korban mengambil ( amplifier ) di rumah ibadah . Sehingga ada satu emosional yang berlebihan yang dilakukan para tersangka , "" ujarnya . Polda Metro Jaya rencananya terlibat dalam penyelidikan kasus ini agar bisa tuntas dalam waktu dekat . "" Supaya tidak terlalu lama kami bisa menangkap yang lain , "" kata Kabid Humas Polda Metro Jaya Kombes Argo Yuwono . Argo mengatakan pihaknya belum bisa merinci semua pelaku yang terlibat dalam kasus ini . Untuk sementara , berdasarkan keterangan NMH dan SH , lima pelaku yang tengah dikejar tersebut diduga kuat terlibat . "" Untuk jumlah pelaku kita tidak bisa memastikan tapi bisa berkembang , dari dua kita tangkap nanti berkembang , "" ujarnya . Di sisi lain , Argo memastikan jika marbot atau pemelihara musala tidak terlibat dalam kasus ini . Dia menyebut , marbot tersebut hanya sebatas saksi karena melihat Zoya dalam musala . "" Mereka hanya saksi , "" ujarnya .","Kepolisian mengantongi identitas lima pelaku lain dalam kasus pengeroyokan dan pembakaran terduga pencuri pengeras suara musala , Muhammad Al Azhar ( MA ) alias Zoya , di Pasar Muara Bakti , Kabupaten Bekasi , Jawa Barat , Selasa ( 1 / 8 ) lalu . Dua pelaku lain berinisial NMH dan SH yang telah ditangkap pada Minggu ( 6 / 8 ) . Sementara lima terduga pelaku lain belum diungkap identitasnya dan masih dalam proses pengejaran ."
"Uruguay gagal membawa pulang tiga angka krusial saat bermain imbang 0 - 0 lawan Venezuela pada lanjutan Kualifikasi Piala Dunia 2018 zona CONMEBOL . Venezuela tampil dengan status juru kunci setelah hanya meraih satu kemenangan dari 16 pertandingan dengan lima seri . Sementara Uruguay membidik tiga angka untuk mengamankan satu tiket ke Rusia musim panas tahun depan . Tim tamu menurunkan para penyerang ganas yang mereka miliki pada diri Luis Suarez dan Edinson Cavani sejak menit pertama dengan Diego Godin , Joose Jimenez dan Martin Caceres berada di jantung pertahanan . Meski di atas kertas Uruguay lebih diunggulkan , duel kedua tim ternyata berjalan alot . Venezuela yang bermain di kandang sendiri enggan kehilangan muka di hadapan suporternya . Uruguay langsung mendobrak sejak menit pertama dan langsung mendapat kans mencetak gol di menit ketiga saat sundulan Jose Gimenez dari crossing Cristian Rodriguez bisa diamankan kiper . Tidak perlu menunggu lama , Venezuela langsung balas mengancam dengan sundulan Mikel Villanueva di kotak penalti namun gagal menghasilkan gol . Setelahnya serangan jual-beli serangan diperlihatkan kedua tim namun kedua timn melangkahkan kaki ke kamar ganti di masa rehat dengan kedudukan imbang tanpa gol . Situasi serupa diperlihatkan di paruh kedua . Venezuela dan Uruguay tidak henti mencari celah untuk melesakkan si kulit bulat ke dalam gawang . Di menit 49 tembakan Timos Rincon bisa digagalkan Muslera , disusul kemudian dua tembakan dari Cavani dan Godin yang belum bisa mengubah skor . Pada menit 71 , fans Venezuela nyaris bersorak merayakan gol . Dari situasi bola mati , Jhon Murillo mengangkat bola ke kotak penalti yang bisa ditanduk Sergio Cordova namun arahnya masih melenceng . Sejumlah pelanggaran kemudian mewarnai duel kedua tim termasuk momen Suarez melanggar Cordova dan berikutnya giliran bintang Venezuela itu yang melanggar Matias Vecino . Kartu kuning kemudian dikeluarkan wasit pada menit 86 saat Rincon menghantam keras Giorgian de Arrascaeta . Jelang bubaran pertandingan Uruguay nyaris mencuri kemenangan melalui Luis Suarez namun sundulan bomber Barcelona dari jarak dekat ini malah menyamping . Hasil ini membuat Uruguay menempati peringkat dua klasemen sementara zona CONMEBOL dengan poin 27 dari 10 16 pertandingan sementara Venezuela belum beranjak dari status juru kunci .","Uruguay gagal membawa pulang tiga angka krusial saat bermain imbang 0 - 0 lawan Venezuela pada lanjutan Kualifikasi Piala Dunia 2018 zona CONMEBOL . Venezuela tampil dengan status juru kunci , Sementara Uruguay membidik kemenangan untuk mengamankan satu tiket ke Rusia 2018 . Hasil ini membuat Uruguay menempati peringkat dua klasemen sementara zona CONMEBOL dengan poin 27 , sementara Venezuela belum beranjak dari status juru kunci ."
"Ambisi Semen Padang untuk memutus tren negatif kandas , dan kembali mendapatkan hasil buruk setelah dipermalukan Barito Putera 2 - 1 di Stadion H Agus Salim , Senin ( 25 / 9 ) malam WIB , pada pekan ke - 26 Liga 1 2017 . Kekalahan itu membuat Semen Padang masih dibayang-bayangi ancaman degradasi , karena tetap berada di peringkat 14 dengan nilai 28 , atau dua tangga di atas zona merah . Sedangkan Barito Putera naik ke posisi delapan dengan nilai 38 , menggusur Borneo FC . Babak pertama Semen Padang langsung menggebrak pertahanan tim tamu setelah wasit meniupkan peluit kick-off demi memburu gol cepat . Di lain sisi , Barito Putera cenderung menunggu untuk mencari celah melakukan serangan balik . Serangan yang dilancarkan Semen Padang membuat barisan belakang Barito Putera harus bekerja keras . Kans didapat Marcel Sacramento setelah menerima umpan Irsyad Maulana pada menit ke - 21 , tapi sepakannya melayang di atas mistar Semen Padang terlihat dominan di babak pertama ini . Bahkan mereka nyaris mengubah papan skor pada menit ke - 24 . Setelah memperdayai bek Barito Putera , Vendry Mofu melepaskan tendangan dari jarak dekat , tapi dapat ditepis kiper Aditya Harlan . Upaya Semen Padang membuka keunggulan akhirnya terwujud di menit ke - 29 . Umpan Irsyad dari tengah disambut Mofu . Kali ini , Aditya tidak mampu mencegah Mofu untuk menjebol gawangnya . Gol itu melecut motivasi pemain Semen Padang . Dua menit menjelang babak pertama berakhir , Mofu kembali mendapatkan peluang untuk menggandakan keunggulan , tapi sepakannya dapat ditepis Aditya , sehingga skor 1 - 0 tidak mengalami perubahan . Babak kedua Semen Padang yang bernafsu menggandakan keunggulan mencoba menggebrak pertahanan Barito Putera sesaat setelah babak kedua dimulai . Di lain sisi , Barito Putera mulai memeragakan permainan terbuka guna mengejar ketertinggalan . Alih - alih menggandakan keunggulan , gawang Semen Padang justru kebobolan pada menit ke - 54 . Umpan Nazar Nurzaidin dari sisi kiri serangan Barito Putera diselesaikan sundulan Willian Lira yang tak bisa dicegah kiper Jandia Eka Putra . Merasa kecolongan , Semen Padang berusaha meningkatkan irama permainan mereka . Hanya saja , serangan yang dibangun tuan rumah dengan mudah dikandaskan barisan belakang Barito Putera . Bahkan , gawang Jandia harus kebobolan untuk kali kedua pada menit ke - 70 . Berawal dari lemparan ke dalam jauh ke depan gawang , Gavin Kwan Adist memanfaatkan kemelut , dan menyodorkan umpan yang tak disia - siakan Douglas Packer untuk melepaskan tendangan keras dari luar kotak penalti , sehingga menjebol gawang Semen Padang . Di waktu tersisa , Semen Padang mencoba menyamakan kedudukan . Sayangnya , upaya Kabau Sirah mengubah papan skor menemui jalan buntu , dan Barito Putera sukses mempertahankan kedudukan 2 - 1 hingga pertandingan berakhir . Berikut susunan pemain kedua tim : Semen Padang : Jandia Eka Putra ; Novan Setya Sasongko , Cassio de Jesus , Agung Prasetyo , Hengki Ardiles , Riko Simanjuntak , Vendry Mofu , Rudi , Ko Jae Sung , Irsyad Maulana , Marcel Sacramento . Cadangan : M Ridwan ; Ibrahim Sanjaya , Handi Ramdhan , Finno Andrianas , Boas Atururi , Tambun Naibaho , Muchlis Hadi Ning . Pelatih : Nilmaizar Barito Putera : Aditya Harlan ; Muhammad Rifqi , Aaron Evans , Nazar Nurzaidin , Dandi Maulana Abdulhak , Gavin Kwan Adsit , Fajar Handika , Douglas Packer , Matias Cordoba , TA Mushafry , Willian Lira . Cadangan : Shahar Ginanjar ; Seftia Hadi , Rizky Pora , Syahroni , Paulo Sitanggang , David Laly , Dedy Hartono . Pelatih : Jacksen F Tiago","Semen Padang kembali menerima hasil minor dengan menderita kekalahan atas Barito Putera 2 - 1 di Stadion H Agus Salim , Senin ( 25 / 9 ) malam WIB , pada lanjutan   Liga 1 . Semen Padang unggul terlebih dahulu lewat Vendy Mofu ( 30 ) sebelum dibalas Willian Lira ( 54 ) dan Douglas Packer ( 70 ) . Kekalahan itu membuat Semen Padang berada di peringkat 14 . Sedangkan Barito Putera naik ke posisi delapan ."
"Siapa yang tidak tahu Kabupaten Banyuwangi , kabupaten paling timur di Jawa . Pesona alam dan budayanya menarik wisatawan , baik lokal maupun asing . Hal tersebut dibuktikan dengan tren wisatawan yang berkunjung ke Banyuwangi lebih dari 2000 % dibandingkan dari tahun 2010 . Bahkan , berbagai maskapai penerbangan melirik untuk membuka direct flight dari Jakarta - Banyuwangi , salah satunya yaitu NAM Air yang merupakan anak perusaahan Sriwijaya Air . Maskapai tersebut mengangkasa dari Ibu Kota ke Banyuwangi pada   17 Juni 2017 . Tingginya wisatawan ini membuat pemerintah sadar untuk memperbaiki infrasruktur , salah satunya yaitu Bandar Udara Blimbingsari . Bandara yang terletak di Desa Blimbingsari , Rogojampi ini mengusung architecture green building . Bandara ini memiliki landas pacu 2.250 meter ini telah dibuka pada 29 Desember 2010 . Berbeda dengan bandara lain di Indonesia , karya Andra Matin ini tidak menggunakan air conditioner ( AC ) . Terlebih , bandara ini dapat menampung 250.000 orang dengan fasilitas seperti anjungan untuk keluarga yang ingin mengantar , ruang tunggu , kafe dan mushala . Pembangungan bandara ini menghabiskan dana sekitar Rp 100 miliar yang berasal dari APBD . Bupati Banyuwangi Abdullah Azwar Anas mengatakan , ke depannya bandara ini tidak high cost . Selain hemat dari sisi pemakaian listrik , Bupati Anas ingin membiasakan masyarakat untuk tidak menggunakan AC . Dengan demikian , masyarakat bisa lebih menyatukan alam dengan sekitarnya . Karakteristik lain dari bandara ini yaitu menerapkan konsep rumah Osing . Suku Osing merupakan suku asli masyarakat Banyuwangi , bagian dari sub suku Jawa . Selain konsep hijau , Bandar Udara Blimbingsari mengakomodasi karakter budaya Osing . Penerapan budaya suku Osing diaplikasikan melalui atap terminal bandara yang berbentuk rumah khas suku Osing . Di lantai satu Bandara Blimbingsari , para pengunjung dapat merasakan angin semilir melewati kisi-kisi terbuat dari kayu ulin bekas . Selain itu , terlihat kolam ikan yang membuat suasana lebih nyaman bagaikan di rumah sendiri . Sedangkan di lantai dua , lantai ini akan digunakan sebagai ruang tunggu bagi pengantar . Warga dapat menggelar tikar sendiri sembari menunggu kerabat atau sanak saudara . Setelah bangunan baru bandara selesai , bangunan lama akan dibuat apron atau pelataran pesawat , bagian dari bandar udara yang digunakan sebagai tempat parkir pesawat terbang . Kemajuan Bandara Udara Blimbingsari terbilang sangat pesat . Bandara ini menjadi tempat tiga sekolah pilot skala international yang telah aktif beroperasi . Dengan adanya Bandar Udara Blimbingsari , Bupati Anas berharap , kedepannya , penerbangan dapat menampung kapasitas masyarakat yang datang ke sini . “ Bandara ini juga ada kekhasan , jadi kalau orang turun dan tahu ini di Banyuwangi . Ini kan kemarin - kemarin hampir ada penyeragaman semua pakai kaca , sehingga jika listrik mati di daerah itu atau kapasitas listriknya turun agak bingung . Makanya kita buat kekhasan kalau misalkan selfie tau kalau lagi di Banyuwangi , ” kata pria berumur 44 tahun ini . Kamu penasaran ingin melihat bandara ini ? Silakan ikut program kumparan bertajuk kumparan Getaway "" Explore Banyuwangi & Ijen Green Run 2017 ” . Caranya mudah ! 1 . Unggah foto terbaikmu di Instagram yang tentunya mendukung cerita dan pengalamanmu kenapa kamu menjadi high quality single yang layak dipilih dari single - single lainnya . 2 . Follow dan tag @kumparancom dengan hashtag #kumparanGetaway & #Ijengreenrun Tunggu apa lagi ? Taklukkan rintangan yang menghadang dan nikmati pesona alam Banyuwangi ! Info selengkapnya silakan diakses di sini .","Pmerintah Banyiwangi sadar untuk memperbaiki infrasruktur , salah satunya yaitu Bandar Udara Blimbingsari . Bandara yang terletak di Desa Blimbingsari , Rogojampi ini mengusung architecture green building . Berbeda dengan bandara lain di Indonesia , karya Andra Matin ini tidak menggunakan air conditioner ( AC ) . Selain hemat listrik , Bupati Anas ingin membiasakan masyarakat untuk tidak menggunakan AC . Dengan demikian , masyarakat bisa bersatu dengan alam ."
"Jakarta ( ANTARA News ) - Nilai tukar rupiah dalam transaksi antar bank di Jakarta pada Kamis pagi menguat 32 poin menjadi Rp 13.083 per dolar AS . Ekonom Samuel Sekuritas Rangga Cipta mengatakan keputusan bank sentral Amerika Serikat ( The Federal Reserve ) tidak menaikkan suku bunga acuan membuat dolar AS bergerak turun di pasar global . "" Anggota the Fed menginginkan suku bunga AS tidak naik meski Ketua The Fed Janet Yellen masih terlihat hawkish dengan mengatakan bahwa suku bunga bisa naik khususnya jika serapan tenaga kerja semakin membaik , "" katanya . Dari dalam negeri , lanjut dia , euforia akibat pencapaian uang tebusan program amnesti pajak yang masih bertahan akan bertemu dengan harapan pemangkasan suku bunga acuan Bank Indonesia ( 7 - Day Repo Rate ) . "" Secara umum sentimen positif akan menguasai arah pergerakan aset berdenominasi rupiah hari ini , "" katanya . Pengamat pasar uang Bank Woori Saudara Indonesia Tbk , Rully Nova mengatakan harga minyak mentah dunia yang bergerak menguat juga turut menopang mata uang komoditas seperti rupiah . "" Harga minyak mentah dunia yang meningkat akan berdampak pada harga komoditas lainnya yang bisa berpengaruh pada pendapatan negara , "" katanya . Harga minyak jenis WTI Crude menguat 0,99 persen menjadi 45,79 dolar AS per barel dan Brent Crude naik 1,00 persen menjadi 47,30 dolar AS per barel .",Nilai tukar rupiah dalam transaksi antarbank di Jakarta pada Kamis pagi menguat 32 poin menjadi Rp 13.083 per dolar AS . Hal ini dipengaruhi keputusan bank sentral AS ( The Federal Reserve ) tidak menaikkan suku bunga acuan . Secara umum sentimen positif akan menguasai arah pergerakan aset berdenominasi rupiah hari ini . Harga minyak mentah dunia yang menguat juga turut menopang mata uang komoditas seperti rupiah .
"Sumber : twitter @tabloidbola Sekonyong - konyong jagat dunia maya dikejutkan oleh pernyataan ketua umum PSSI , Edy Rahmayadi , beliau mengatakan akan berencana menetapkan aturan baru yakni semua pemain Timnas harus berambut cepak . Sontak hal ini menjadi bahan pergunjingan di dunia maya . Banyak yang mengatakan jika PSSI mengurus hal remeh yang tidak   berfaedah . Seharusnya PSSI lebih mementingkan bagaimana soal regulasi , gaji pemain , asuransi , pengelolaan kompetisi , pembinaan usia dini , dan wasit . Banyak juga yang mengatakan hal lucu bernada satir yakni seharusnya Pak Edy jadi guru BP saja sekalian juga urus kuku . Akun @mafiawsit mengomentari wacana yang dibangun oleh Ketum PSSI Namun jika kita lebih dalam menelaah hal sederhana yang sebenarnya tidak penting yang diwacanakan PSSI ini , hal ini mengingatkan kita akan waham dari orde di masa lalu . Dulu di Orde lama , gaya rambut ala The Beatles sangat dibenci oleh Presiden Soekarno karena merupakan manifestasi budaya barat yang konon sangat Soekarno benci padahal si kawan pengagum Monroe . Jika ngeyel maka akan diciduk dan dibina sebagaimana yang pernah terjadi kepada Koes Plus . Pada masa pemerintahan Presiden Soeharto , rambut gondrong adalah simbol perlawanan dan banyak orang yang menganggap jika berambut gondrong akan membawa Anda lebih cepat kepada para petrus apalagi jika pakai tato maka lengkap sudah . Ironis memang apa yang terjadi di dunia sepak bola Indonesia , banyak masalah yang membuat masyarakat muak dengan apa yang ditunjukkan oleh PSSI dan pemangku jabatan di sana . Kompetisi yang diurusi PSSI , pembinaan usia dini yang tidak beres , dana hibahan pembangunan stadion yang tidak jela , dan masih banyak masalah yang capek untuk dijabarkan satu persatu . Nah ini tiba-tiba sok mengurus rambut , seolah-olah kalibernya sudah sekelas Daniel Passarela . Rambut Adalah Penanda dan Petanda Lousi Hjelmslev seorang penganut Saussurean berpandangan bahwa sebuah tanda tidak hanya mengandung hubungan internal antara aspek material ( penanda ) dan konsep mental ( petanda ) , namun juga mengandung hubungan antara dirinya dan sebuah sistem yang lebih luas di luar dirinya . Ronaldo Lima dengan rambut kuncungnya   ( sumber : pelelepew.com ) Secara bahasa sederhana   apa yang dikatakan oleh Lousi Hjelmslev adalah bahwa dari penanda bisa kita mengenal bentuk fisik dan dari petanda kita bisa mengenal mental / psikis . Dapat dikatakan bahwa penanda dan petanda adalah sebuah hal yang bisa dilihat oleh mata telanjang . Rambut dan sepak bola adalah salah satu aspek berbeda yang tidak dapat dipisahkan . Seorang pemain sepak bola bisa dikenali hanya dari potongan rambutnya dan sifat yang berhubungan dengan gaya bermain juga mampu hadir dari sini . David Beckham dengan gaya rambutnya akan menjadi penanda bahwa ini akan menjadi suatu trend sehingga banyak para pebisnis yang berkompetisi di bidang lifestyle dan kosmetik berlomba-lomba mengejar kontrak kerja sama bersama Beckham karena sosoknya yang secara petanda ( mental ) menjadi bentuk fashion ikon . Banyak pemain seperti Beckham ini kita sebut saja David Ginola , Pirlo , Best ,   Cannavaro dan lain-lain . Scoot Parker dan Fernando Redondo dengan rambut klimis nan elegan adalah bentuk nyata dari petanda bahwa citra permainan mereka adalah permainan elegan nan rapi seperti rambut mereka . Ronado Lima dikenali dengan gaya rambut plontosnya sepanjang masa   kala berkiprah di lapangan sepak bola membuat suatu kejutan menarik yang akan dikenang dalam kancah sepak bola dunia . Menjelang pertandingan final Piala Dunia 2002 dia memutuskan bahwa   potongan rambutnya ala gaya   kuncung . Kemudian dia ditanyakan soal kuncung rambutnya oleh wartawan seusai selebrasi perayaan kemenangan Piala Dunia . Ronaldo mengatakan bahwa pemilihan rambut ini adalah bentuk yang direncanakan guna mengakomodasi keinginan anaknya . Anak Ronaldo kala itu tidak bisa membedakan antara Roberto Carlos dan dirinya ( Ronaldo ) di layar kaca . Jadi dalam kasus   yang terjadi pada Ronaldo adalah rambut kuncungnya adalah penanda kepada anaknya yang dikemudian hari kuncung rambutnya menjadi salah satu potongan rambut paling ikonik di dunia sepak bola . Jika ingin mengetahui aspek rambut sebagai penanda dan petanda dalam dunia sepak bola maka saya akan menyodorkan satu nama yakni The Prince of Ginger , Paul Scholes , legenda sepak bola Inggris dan MU . Saat dia tampil maka orang akan tahu bahwa itu adalah Scholes dan kualitas permainannya akan langsung diapresiasi orang padahal hanya melihat rambut merahnya saja . Hal yang sama seperti yang terjadi pada saat masa-masa keemasan seorang Riise . Jadi tidak heran jika ada pemain sepak bola berras ginger akan selalu dihubungkan dengan Scholes dan Riise baik sebagai individu yang termasuk kelompom ras berambut merah dan juga sebagai individu yang dihubungkan dengan suatu kualitas permainan sepak bola kelas tinggi . Mungkin di masa lalu Scholes dan Riise akan dirisak oleh masyarakat karena dianggap sebagai keturunan setan dan penyihir . Bahkan jika Hitler berhasil menaklukkan Inggris lewat invasinya , maka Scholes tidak akan pernah kita kenal karena Hitler beranggapan kalau kaum ginger adalah mahluk terkutuk dari neraka . Untunglah itu tidak terjadi . Coba sebut citra siapa yang familiar dengan rambut ini ? Kesebelasan Rumania di Piala Dunia 1998 malah lebih dahsyat soal rambut . Pada gelaran turnamen sepak bola tersebut , Hagi dan semua skuad berambut diputuskan untuk mewarnai rambut seragam dengan alasan agar mudah mengenali satu sama lain dan juga mewakili semangat rakyat Rumania . Kesebelasan Rumania pada Piala Dunia 1998 yang mewarnai rambut seragam   ( sumber : pinterest ) Taribo West , Valderama , Boby Charlton , Waddle , Gullit , Fellaini , David Luiz , Ljungberg , Pancaro , dan Zidane adalah sekian banyak pemilik model rambut dan potongan rambut yang mampu mengaplikasikan penanda dan petanda dalam sepak bola . Banyak hal yang diterjemahkan hadir   dari apa yang melekat dalam diri lewat potongan rambut yang mereka pakai yang lebih layak untuk dibahas secara mendalam dalam mata kuliah semiotika . Nah untuk Pak Edy , tolonglah agar lebih realistis dalam membuat rencana kerja dan melemparkan wacana sebagai pemangku jabatan di PSSI . Kalau hanya mengurusi potongan rambut mending jadi guru BP aja deh atau menjadi kolega Robert Langdon yang terkenal itu . Masih banyak hal yang lebih layak   dan penting unutk dibenahi dalam tubuh PSSI , apa tidak bosan menjadi bahan cemoohan dan tertawaan publik ? Ngomong - ngomong apa karena ini juga ya Bio Paolin tidak pernah kita lihat lagi ada di Timnas ?","Dunia maya dikejutkan oleh pernyataan ketua umum PSSI , Edy Rahmayadi , beliau mengatakan akan berencana menetapkan aturan baru yakni semua pemain Timnas harus berambut cepak . Rambut dan sepak bola adalah salah satu aspek berbeda yang tidak dapat dipisahkan . Seorang pemain sepak bola bisa dikenali hanya dari potongan rambutnya dan sifat yang berhubungan dengan gaya bermain juga mampu hadir dari sini ."
"Jakarta , CNN Indonesia - - Tahun 2016 adalah titik pulang bagi mantan Ketua Komisi Pemberantasan Korupsi ( KPK ) Antasari Azhar dan polisi yang dulu menangani kasusnya , Inspektur Jenderal Mochamad Iriawan . Mendekam di penjara selama tujuh tahun , Antasari akhirnya pulang ke rumah setelah mengantongi pembebasan bersyarat . Sementara tak lama sebelumnya , Iriawan ditugaskan institusinya untuk pulang ke Kepolisian Daerah Metro Jakarta Raya sebagai orang nomor satu di sana . Nama keduanya ' akrab ' disandingkan ketika kasus pembunuhan Direktur Utama PT Putra Rajawali Banjaran Nasrudin Zulkarnaen yang mengantarkan Antasari ke penjara mencuat tujuh tahun silam . Iriawan yang saat itu menjabat Direktur Reserse Kriminal Umum menetapkan sang mantan jaksa sebagai tersangka , tepatnya pada 4 Mei , pada pemeriksaan pertama di Markas Polda Metro . Dalam waktu dua bulan proses penyidikan , polisi akhirnya melimpahkan berkas perkara Antasari ke Kejaksaan Agung pada 3 Juli 2009 . Tak butuh waktu lama pula , berkas dinyatakan lengkap dan berlanjut ke pengadilan . Dalam dakwaan Jaksa Penuntut Umum di Pengadilan Negeri Jakarta Selatan , motif pembunuhan Antasari diduga berasal dari hubungan cinta segitiga yang melibatkan Rani Juliani , istri ketiga Nasrudin . Sejumlah kontroversi di antara Antasari dan Iriawan menyeruak ke permukaan selama masa persidangan . Sebut saja ketika polisi yang kini menyandang dua bintang itu menyebut Antasari membohongi Kepala Polri kala itu , Jenderal ( purn ) Bambang Hendarso Danuri . Iriawan menyebut Antasari telah berbohong dengan mengaku belum mengenal siapa penerornya saat melapor kepada Bambang . Iriawan meyakini Antasari mengetahui ancaman - ancaman itu datang dari Nasrudin "" Pada waktu minta bantuan itu sudah kenal dengan Nasrudin . Dia bohong sama Kapolri , "" ujar Iriawan usai bersaksi di Pengadilan Negeri Jakarta Selatan kala itu . Berdasarkan salinan putusan , Antasari menerima sejumlah teror dan pemerasan dari Nasrudin karena kedapatan ' bermain ' dengan Rani pada Mei 2008 . Kejadian inilah yang disebut - sebut sebagai akar permasalahan dalam kasus pembunuhan tersebut . Antasari melaporkan teror itu kepada Kapolri sehingga didapatkan foto korban , foto mobil , dan alamat Nasrudin . Kemudian , Antasari meminta tolong kepada Sigit Haryo Wibisono untuk menghabisi korban . Sigit meneruskan permintaan itu kepada Wiliardi Wizar yang lanjut menghubungi para eksekutor , Jerry Hermawan Lo serta Eduardus Noe Ndopo Mbete . Dalam persidangan , Wiliardi juga melontarkan pernyataan kontroversial . Dia menuduh Iriawan berupaya mengintervensi proses pemeriksaan . "" Dirkrimum ( Iriawan ) bilang ke istri saya , ' kamu bilang saja ke suami kamu , semuanya akan dibantu ' . Jam 00.30 WIB saya diperiksa dan disuruh buat keterangan agar bisa menjerat Antasari . Jaminannya saya bisa pulang . Ini saya ngomong benar , demi Allah , "" kata dia . Wiliardi mengatakan janji itu tidak pernah dipenuhi sehingga dirinya mencabut berita acara pemeriksaan . Sementara itu , Iriawan ketika ditanyai wartawan , meminta agar publik menganalisis siapa pihak yang bertanggung jawab atas pencabutan keterangan oleh sejumlah saksi , termasuk Wiliardi . Dia mengajak untuk tidak bertanya kenapa mereka mencabut keterangannya . Pada kesempatan lain , Iriawan menyatakan , siap diperiksa oleh Divisi Profesi dan Pengamanan terkait pernyataan Wiliardi . Walau demikian , bantahan pernyataan Wiliardi justru keluar dari seorang penyidik lain . Dia adalah Komisaris Besar Daniel Bolly Tifaona , mantan Kepala Polres Jakarta Selatan yang saat itu masih berpangkat Ajun Komisaris Besar . Daniel menyebut Wiliardi tidak hanya berbohong , bahkan minta diselamatkan . "" Dia minta agar hubungan dia dengan Jerry dan Edo ( eksekutor ) agar dipotong . Agar selamat , "" kata Daniel sebagaimana dikutip detikcom , 14 November 2009 . Permintaan itu disampaikan Wiliardi saat diperiksa pada 30 April 2009 , ditujukan kepada Iriawan . "" Dia bilang , ' Wan ( Iriawan ) elu kan direktur , tolong bantu gue amanin , biar gue terputus dari Jerry dan Edo ' , "" kata Daniel . Namun penyidik menolak mengikuti permintaan Wiliardi , dengan alasan fakta sudah didapatkan . Terlepas dari semua itu , akhirnya Antasari diputus bersalah dengan vonis hukuman 18 tahun penjara . Begitu pula Sigit , Wiliardi , dan para pelaku lain , dengan vonis belasan tahun . Tak perlu menunggu hingga masa hukuman berakhir , 2016 menjadi waktu kepulangan Antasari dari balik jeruji . Setelah tujuh tahun mendekam , dia masih berkeras tidak terlibat dalam kasus pembunuhan tersebut . "" Saya masuk penjara karena ada putusan , "" ujarnya . Walau demikian , dia menyatakan tak akan mengungkit-ungkit lagi perkara hukumnya . Meski masih merasa tak bersalah , Antasari mengaku ikhlas dipenjara . "" Sejak keluar pintu , rasa benci dan kecewa , saya tinggal di dalam penjara , "" kata pria berkumis itu . Tak lama sebelumnya , di akhir September , Iriawan telah terlebih dulu pulang ke Polda Metro Jaya . Kepala Polri Jenderal Tito Karnavian mengatakan , sejumlah mutasi yang dilakukannya adalah keniscayaan .","Tahun 2016 adalah titik pulang bagi mantan Ketua Komisi Pemberantasan Korupsi ( KPK ) Antasari Azhar dan polisi yang dulu menangani kasusnya , Inspektur Jenderal Mochamad Iriawan , setelah ditahan selama tujuh tahun . Antasari pulang setelah mengantongi pembebasan bersyarat . Iriawan sendiri ditugaskan   untuk pulang ke Kapolda   Metro Jaya sebagai orang nomor satu di sana . Nama keduanya ' akrab ' disandingkan dengan kasus pembunuhan Direktur Utama Nasrudin Zulkarnaen ."
"Jakarta , CNN Indonesia - - Menjelang dibukanya pendaftaran peserta Pemilihan Kepala Daerah ( Pilkada ) Gubernur Jawa Timur pada 8 Januari 2018 , Bupati Banyuwangi Azwar Anas dikabarkan mundur dari pencalonannya sebagai calon wakil gubernur Jawa Timur di Pilgub Jatim 2018 . Kabar batalnya Anas maju mendampingi Syaifullah Yusuf tersebut beredar di media sosial . Menanggapi kabar tersebut , Gus Ipul mengaku terkejut . Dia belum bisa memberikan jawaban mengenai informasi tersebut . "" Nanti Pak Anas sendiri yang akan mengatakan mengenai pengunduran dirinya , "" tutur Gus Ipul di Surabaya , Kamis ( 4 / 12 ) malam . Saat disinggung mengenai perihal pengunduran diri Anas , Gus Ipul mengaku belum mengetahui secara pasti masalah pengunduran diri . "" Saya secara pribadi belum ketemu dan berkomunikasi secara langsung dengan Pak Anas , tetapi ini hanya informasi awal dan Pak Anas sendiri yang nanti berniat menyampaikannya sendiri , "" kata Gus Ipul . Saat ditanya mengenai siapa pengganti Mas Anas , Gus Ipul menyampaikan bahwa belum bisa berspekulasi namun partai pengusung Partai Kebangkitan Bangsa ( PKB ) dan Partai Demokrasi Indonesia Perjuangan ( PDIP ) , akan mempertimbangkan dan mengambil langkah konkrit mengenai perihal pengunduran diri tersebut . "" Saya sudah sampaikan kepada partai pengusung dan kami juga tetap mengikuti dan mengawal perkembangan isu yang beredar , "" ucap Gus Ipul . Gus Ipul menegaskan bahwa perombakan seperti ini sudah biasa terjadi menjelang pembukaan pendaftaran Pilkada . "" Efek kejutan seperti ini sudah biasa terjadi , contohnya saya dulu dengan Pakde Karwo juga terjadi di detik-detik terakhir , "" ujar Gus Ipul . Dikonfirmasi secara terpisah , Ketua DPD PDI Perjuangan Jatim , Kusnadi , membantah keras isu yang beredar di berbagai media sosial jika DPP akan menganulir pencalonan Abdullah Azwar Anas . "" Ora ono opo - opo ( tidak ada apa-apa ) , bagaimana saya mau nanggapi itu isu . Itu lihat baliho tim pemenangan pasangan Gus Ipul - Anas masih terpasang di kantor DPD PDIP Jatim , ” katanya . Sementara itu , ketua tim pemenangan pasangan Gus Ipul - Mas Anas , Hikmah Bafaqih juga mengatakan bahwa pihaknya memang mendengar adanya isu tersebut . Namun , dia belum berani memberikan keterangan . “ Akan ada pemberitahuan lebih lanjut , ditunggu ya , "" ujar Hikmah Bafaqih . ( dik / ugo )","Menjelang dibukanya pendaftaran peserta Pilgub Jawa Timur pada 8 Januari 2018 , Bupati Banyuwangi Azwar Anas dikabarkan mundur dari pencalonannya sebagai calon wakil gubernur Jawa Timur di Pilgub Jatim 2018 . Menanggapi kabar tersebut , Gus Ipul mengaku terkejut . Dia belum bisa memberikan jawaban mengenai informasi tersebut . Saat disinggung mengenai perihal pengunduran diri Anas , Gus Ipul mengaku belum mengetahui secara pasti masalah tersebut ."
"Jakarta , CNN Indonesia - - Presiden Joko Widodo ( Jokowi ) meminta agar masyarakat Indonesia tidak saling menghujat dan menebar fitnah melalui berita yang tidak memiliki kebenaran atau hoax di media sosial . Hal tersebut menurut Jokowi membuat Indonesia menjadi tidak produktif sebagai sebuah bangsa . "" Saling menyalahkan , memfitnah , membuat berita-berita hoax di media sosial itu tidak memiliki kontribusi pada negara ini , "" kata Jokowi saat meresmikan SMA Negeri Taruna Nala Jawa Timur , Kecamatan Kedungkandang , Kota Malang , dikutip dari Antara , Sabtu ( 3 / 6 ) . Menurut mantan Walikota Solo , Indonesia memiliki bonus demografi sampai 2030 . Oleh karena itu tingginya jumlah angkatan kerja Indonesia harus disalurkan ke arah yang positif . Bukan malah saling bergesekan di media sosial sampai memecah belah persatuan . Sekolah menurut Jokowi memegang peranan penting dalam pembentukan karakter anak muda Indonesia . Oleh karena itu para pengajar diminta untuk membina murid-muridnya menjadi generasi muda yang produktif . "" Betul - betul siapkan mereka dari awal untuk dunia nyata , dunia kompetisi , persaingan . Siapkan mereka dari awal agar memiliki cita-cita untuk membangun negeri ini saat mereka dewasa , "" katanya .","Presiden Jokowi meminta agar masyarakat Indonesia tidak saling menghujat dan menebar fitnah melalui berita yang tidak memiliki kebenaran atau   hoax   di media sosial . Hal tersebut menurut Jokowi membuat Indonesia menjadi tidak produktif sebagai sebuah bangsa . "" Saling menyalahkan , memfitnah , membuat berita-berita   hoax   di media sosial itu tidak memiliki kontribusi pada negara ini , "" kata Jokowi ."
"Jakarta , CNN Indonesia - - Grup band Mocca tergerak melihat kurangnya lagu anak-anak . Pelantun hit I Remember itu membocorkan , proyek mereka akan ada hubungannya dengan anak-anak . Dalam waktu dekat , Mocca akan merilis sebuah album anak-anak . Bedanya , jika lagu-lagu Mocca biasanya dihiasi suara indah Arina , kali ini anak kecil yang jadi vokalisnya . Anak itu adalah Aldin , anak dari penabuh drum Mocca , Indra . Aldin ‘ ditugasi’ menyanyikan ulang lagu-lagu hit Mocca dengan gaya anak-anak . "" Kami bakal merilis satu album anak , nanti ada namanya Aldin anak dari Indra , yang akan membawakan lagu-lagu Mocca dengan nuansa anak-anak , "" kata sang bassis Toma saat berbincang dengan CNNIndonesia.com beberapa waktu lalu . Di album itu , ada sekitar tujuh lagu populer milik Mocca yang bakal dinyanyikan ulang dengan versi berbeda . Lagu Happy bahkan sudah dibuat video klipnya . Personel Mocca termasuk Arina bertugas mengiringi Aldin bernyanyi . Album ini sebenarnya sudah diracik sejak 2015 lalu . Namun , karena berbagai kendala album itu baru bisa rilis akhir tahun ini . Album anak-anak ini bakal diluncurkan bertepatan dengan Hari Ibu pada 22 Desember mendatang . Selain dipasarkan secara digital , album ini hanya dicetak sebanyak 500 keping saja . "" Semoga album ini bisa didengar banyak anak kecil , jadi pilihan baru , "" kata sang gitaris Riko . Mocca bisa dibilang sebagai salah satu musisi indi yang populer di Indonesia . Band yang beranggotakan empat personel ini terbentuk sejak 1999 karena berlatar universitas yang sama . Berawal dari proyek iseng , karya-karya Mocca terkenal hingga ke Korea Selatan dan Jepang . Lirik yang berbahasa Inggris membuat lagu Mocca mudah dinyanyikan orang asing . Saking terkenalnya , Mocca bahkan pertama kali menggelar konser tunggal bukan di Indonesia , melainkan di Korea pada 2009 lalu . Beberapa lagu mereka juga pernah diterjemahkan ke dalam bahasa Korea . ( rsa )","Dalam waktu dekat , Mocca akan merilis sebuah album anak-anak . Bedanya , jika lagu-lagu Mocca biasanya dihiasi suara indah Arina , kali ini anak kecil yang jadi vokalisnya . Anak itu adalah Aldin , anak dari penabuh drum Mocca , Indra . Aldin ‘ ditugasi’ menyanyikan ulang lagu-lagu hit Mocca dengan gaya anak-anak ."
"Payfazz merupakan sebuah layanan keuangan berbasis keagenan yang ditujukan untuk unbanked society . Saat ini telah diterbitkan dalam paltform Android , untuk merangkum berbagai jenis layanan yang dapat diakses oleh masyarakat melalui agen . Payfazz berkoordinasi dengan bank untuk membangun jaringan distribusi bank melalui para agen Payfazz yang dapat beroperasi di berbagai tempat . Dengan kata lain , para Agen Payfazz atau disebut sebagai “ Agen Keuangan Nusantara ” ini akan menjadi representatif bank dan Payfazz secara bersamaan . Untuk produk yang bisa diakses saat ini berupa pembayaran Pulsa , PPOB ( Payment Point Online Bank ) , Game Voucher , Multifinance , Kredit , dan Transfer Dana . Selain itu , Payfazz sedang mengembangkan kerja sama dengan salah satu bank terbesar di Indonesia untuk    menghadirkan layanan Lakupandai di aplikasi Payfazz . Sedangkan untuk fitur , Payfazz menyediakan sistem pencatatan transaksi , fasilitas top-up saldo , fitur Print Bluetooth untuk mencetak bukti transaksi pelanggan , hingga pinjaman modal usaha bagi agen yang membutuhkannya . “ Ide dasar pengembangan Payfazz datang dari fenomena Indonesia , berdasarkan data Bank Dunia hanya 36 % masyarakat Indonesia yang mempunyai rekening bank , dan hanya 4 % masyarakat Indonesia yang mengenal dan menggunakan kartu kredit . Terdapat lebih dari 170 juta masyarakat Indonesia yang pengetahuannya mengenai teknologi keuangan sangat minim , ” ujar Hendra Kwik , Co - Founder & CEO Payfazz . Dalam keterangannya , Hendra menambahkan minimnya banked - society disebabkan oleh 3 variabel faktor , yaitu ( 1 ) kurangnya literasi finansial di kalangan masyarakat Indonesia , ( 2 ) Sektor perbankan yang menganggap sebagian besar masyarakat Indonesia masih tergolong status unbankable , ( 3 ) distribusi akses ATM , KC atau KCP Bank yang belum menyeluruh ke seluruh Indonesia . Di lain sisi , masyarakat Indonesia mengenal dan sangat akrab dengan teknologi informasi berupa smartphone dan internet . Hasil riset Payfazz menunjukkan bahwa sekitar 132,7 juta masyarakat Indonesia aktif menggunakan internet setiap harinya . Melihat peluang tersebut , Payfazz mencoba mengarahkan fungsi smartphone dan koneksi internet tersebut untuk memfasilitasi transaksi online yang sering dilakukan masyarakat Indonesia dan menjadi kebutuhan rutin mereka seperti pulsa , transaksi PPOB dan transfer uang . Untuk operasionalnya , saat ini Payfazz telah menerima dukungan pendanaan dari Y Combinator dan MDI Venture . Y Combinator merupakan inkubator dan venture capital global yang berpusat di Silicon Valley yang turut membesarkan startup yang sudah mendunia seperti Airbnb , Dropbox , Stripe dan Twitch . Sedangkan MDI Venture merupakan venture capital milik Telkom . Payfazz terhubung dengan MDI melalui inkubasi dalam program Indigo Startup Nation . Dengan proses bisnis yang ada saat ini , Payfazz sangat yakin akan berhasil , melihat beberapa pembuktian dari startup sejenis di berbagai negara berkembang lain seperti M - Pesa di Kenya , paytm di India dan Alipay di Tiongkok . Bisnis model dinilai membawa kebaikan bagi masyarakat luas . Para Agen Keuangan Nusantara dapat menambah penghasilan dan para masyarakat unbanked menjadi teredukasi dan terbantu untuk mengakses layanan keuangan . “ Saat ini Payfazz sudah memiliki puluhan ribu Agen yang berasal dari berbagai latar belakang demografi . Agen Payfazz kebanyakan telah memiliki usaha rumahan seperti toko kelontong dan konter pulsa di pelbagai wilayah di Indonesia . Puluhan ribu Agen Keuangan Nusantara ini melayani ratusan ribu masyarakat unbanked dan memproses jutaan layanan perbankan setiap bulannya , ” imbuh Hendra . Diakui pula saat ini sudah banyak layanan sejenis , mencoba memberdayakan unbanked - society di Indonesia . Dari situ Payfazz mencoba untuk spesifik menyasar masyarakat yang masih awam terhadap layanan bank dan teknologi keuangan . Payfazz menggunakan sistem keagenan dan menitikberatkan pada masyarakat unbanked sebagai end user . Agen Payfazz berperan mengedukasi dan memfasilitasi layanan perbankan bagi para masyarakat unbanked . Payfazz didirikan oleh 3 orang yang berasal dari Jambi dan merupakan rekan sejawat sejak kecil . Ketiganya pula memiliki pengalaman bekerja di startup yang telah membuktikan keberhasilannya dan menjadi panutan startup lokal . Pertama ialah Hendra Kwik , lulusan S1 Teknik Kimia ITB , sebelumnya ia bekerja di Kudo . Kemudian Jefriyanto Guang , lulusan S1 Ilmu Komputer Binus , ia sebelumnya bekerja di Tiket.com . Dan yang ketiga ialah Ricky Winata , lulusan S1 Ilmu Komputer Binus , ia sebelumnya pernah bekerja di Traveloka . Di tahun ini , fokus Payfazz berupaya membenahi fitur-fitur yang sudah ada untuk meningkatkan kualitas produk dan pelayanan . Selain itu , Payfazz juga menargetkan untuk memperluas jaringan Agen Keuangan Nusantara demi menjangkau lebih banyak unbanked - society di seluruh Indonesia . Dengan semakin banyak Agen Payfazz , pihaknya berharap semakin banyak unbanked society yang terbantu untuk mengakses layanan perbankan seperti pembayaran , pulsa , PPOB , transfer dana dan kredit / pinjaman dengan mudah . DailySocial juga menghubungi Ery Punta Hendraswara , Managing Director Indigo Creative Nation , yang juga menjadi mentor Payfazz . Tentang Payfazz , Ery berpendapat , “ Gerakan digital untuk kemajuan bangsa tidak dapat ditawar , termasuk melakukan transaksi elektronik . Payfazz menjadi salah satu solusi yang efektif untuk mengakomodasi kebutuhan transaksi elektronik bagi seluruh masyarakat khususnya unbanked society . ” “ Selain melayani solusi keagenan yang dapat melayani transaksi elektronik yang efisien bagi seluruh masyarakat , Payfazz dapat mengembangkan solusi keuangan yang lebih luas lagi terutama melalui kolaborasi dengan berbagai pihak , termasuk perbankan , operator telekomunikasi , koperasi , bahkan perusahaan-perusahaan untuk mengelola investasi masyarakat , seperti investasi reksadana , ” lanjut Ery . Dalam program inkubatornya , Payfazz mendapatkan bimbingan baik mentoring intensif   hingga   pendanaan untuk tumbuh lebih besar lagi melalui program akselerasi startup , serta   channeling kepada pasar yang relevan melalui kanal - kanal pemasaran di Telkom yang telah berkembang . Channeling ini lah yang kemudian menjadi percepatan bagi Payfazz untuk tumbuh dan memberikan sumbangsih lebih banyak terhadap pertumbuhan ekonomi masyarakat Indonesia . DailySocial.id adalah portal berita startup dan inovasi teknologi . Kamu bisa menjadi member komunitas startup dan inovasi DailySocial.id , mengunduh laporan riset dan statistik seputar teknologi secara cuma-cuma , dan mengikuti berita startup Indonesia dan gadget terbaru .","Payfazz merupakan sebuah layanan keuangan berbasis keagenan yang ditujukan untuk unbanked society . Para Agen Payfazz atau disebut sebagai “ Agen Keuangan Nusantara ” akan menjadi representatif bank dan Payfazz secara bersamaan . Ide dasar pengembangan Payfazz datang dari fenomena Indonesia , berdasarkan data Bank Dunia hanya 36 % masyarakat Indonesia yang mempunyai rekening bank , dan hanya 4 % masyarakat Indonesia yang mengenal dan menggunakan kartu kredit ."
"Jakarta , CNN Indonesia - - Presiden Joko Widodo meminta penegak hukum tidak ragu untuk menindak kelompok yang anti Pancasila dan menentang Undang - undang Dasar 1945 . Ia tegas menyebut jika Partai Komunis Indonesia muncul , juga harus ditindak tegas . "" Saya katakan kepada Kapolri jangan terpengaruh pakai hitung-hitungan yang lain . Kalau ada bukti silahkan ditindak . Kalau gebuk , ya gebuk saja ! Jangan sampai ragu-ragu . Organisasi yang sudah jelas bertentangan dengan Pancasila , UUD 45 dan hukum harus ditindak , "" kata Presiden di Istana Merdeka saat bertemu pemimpin redaksi media nasional di Jakarta , Rabu ( 17 / 5 ) . Seperti diberitakan Antara , Jokowi memang tidak secara khusus mengatakan organisasi mana yang dimaksudnya . Tetapi ia menyebut salah satu kelompok yang harus digebuk adalah PKI . "" Kalau PKI muncul gebuk saja , "" ujarnya . Mantan Gubernur DKI Jakarta ini mengingatkan bahwa dia dipilih oleh rakyat dan dilantik sebagai presiden harus berpegangan dan menjaga konstitusi . Menurutnya hak mengeluarkan pendapat dan berdemokrasi memang harus dihargai . Tapi ia mengingatkan , Indonesia adalah negara yang berdasar hukum yang harus ditaati dan ditegakkan . Istilah gebuk juga diakui Jokowi digunakannya untuk menunjukan ketegasan dirinya pada kelompok penentang Pancasila dan UUD 1945 . "" Istilah yang paling cocok itu gebuk , kalau saya pakai istilah jewer nanti dianggap tidak tegas , "" kata Jokowi . Seperti diketahui , pemerintah telah menyatakan bahwa organisasi masyarakat Hizbut Tahrir Indonesia dibubarkan . Upaya hukum akan ditempuh untuk membubarkan ormas tersebut . Kegiatan HTI selama ini dinilai bertentangan dengan Pancasila dan UUD 1945 .","  Presiden Joko Widodo meminta penegak hukum tidak ragu untuk menindak kelompok yang anti Pancasila dan menentang UUD 1945 . Ia tegas menyebut jika Partai Komunis Indonesia muncul , juga harus ditindak tegas . Seperti diberitakan , Jokowi memang tidak secara khusus mengatakan organisasi mana yang dimaksudnya . Tetapi ia menyebut salah satu kelompok yang harus digebuk adalah PKI . "" Kalau PKI muncul gebuk saja , "" ujarnya ."
"Jakarta , CNN Indonesia - - Arab Saudi mendadak dihebohkan penangkapan wanita yang mengenakan rok mini , usai videonya viral di Snapchat dan media sosial lainnya . Otoritas Arab Saudi , terutama Presidensi Komisi untuk Promosi Kebajikan dan Pencegahan Perilaku Buruk , menyebut wanita yang diduga seorang model bernama Khulood , melanggar norma kesopanan dengan berpakaian minim di tempat umum . Namun demikian , banyak yang kemudian menyerukan pembelaan terhadap wanita itu , salah satunya kaum feminis yang mengeluhkan standar ganda di negaranya . Mereka membandingkan dengan kunjungan Melania dan Ivanka Trump ke Saudi , beberapa waktu lalu . Pada saat itu , Melania dan Ivanka datang tanpa kerudung , mengenakan gaun biasa dengan tungkai terlihat jelas . Penampilan Melania dan Ivanka dikritik pengamat mode internasional , namun mendapat komentar positif dari warga Saudi . Mereka disebut elegan dan penuh gaya . Di sisi lain , video sang model yang berbalut rok mini dengan atasan pendek saat berjalan-jalan di pedesaan bersejarah Ushayqir , dianggap tidak sopan dan provokatif . Banyak yang menyebut wanita tersebut harus disidang karena busananya yang tidak senonoh . Melalui Twitter , tokoh feminis Fatima al - Issa mencuit , “ jika dia adalah wanita dari Negara Barat , dia akan dipuji karena kakinya yang jenjang . Tapi karena dia seorang Saudi , banyak yang meminta dia disidang ! ” Lainnya menulis , “ Semua orang berlagak seperti orang suci hanya karena sepotong rok mini , padahal saat Hassan al - Jameel [ pebinis Saudi ] mencium Rihanna di sampul majalah , tidak ada yang protes . Semua orang memuji dia untuk perilakunya itu , sementara mereka mengecam jika wanita melakukan hal yang sama , ” cuit Shajan al - Qahtani . Namun , ada juga yang tetap membela hukum negaranya . “ Di Perancis , niqab dilarang dan wanita yang menggunakannya akan didenda . Di Arab , menggunakan busana santun dan kerudung adalah hukum kerajaan dan itu harus dipatuhi , ” tulis pengguna Twitter lainnya . Adapun polisi telah membebaskan wanita tersebut setelah dia memberikan keterangan bahwa video itu disebarkan ke media sosial , tanpa sepengetahuannya . “ Dia sudah dibebaskan tanpa tuntutan dan kasus tersebut sudah ditutup , ” sebut Pusat Komunikasi Internasional Saudi , dalam sebuah pernyataan , dikutip","Arab Saudi mendadak dihebohkan penangkapan wanita yang mengenakan rok mini , usai videonya viral di Snapchat dan media sosial lainnya . Otoritas Arab Saudi , terutama Presidensi Komisi untuk Promosi Kebajikan dan Pencegahan Perilaku Buruk , menyebut wanita yang diduga seorang model bernama Khulood , melanggar norma kesopanan dengan berpakaian minim di tempat umum . banyak yang menyerukan pembelaan terhadap wanita itu , salah satunya kaum feminis ."
"Rimanews -   Polsek Dolok Masihul , Serdang Bedagai , Sumatera Utara , menangkap KNR ( 40 ) , pedagang DVD yang biasanya mangkal di Pasar Dolok Masihul karena mengedarkan kupon togel . Dikutip dari Tribratanews , KNR ditangkap polisi di rumahnya di Kampung Merdeka Lingungan III , Kelurahan Pekan Dolok Masihul , dua hari lalu . "" Penghasilan jual kaset DVD kurang mencukupi untuk memenuhi kebutuhan keluarga , makanya saya cari tambahan menjual togel . Ini baru satu bulan dilakukan , omsetnya Rp 300 ribu dan mendapat komisi 11 persen , "" kata KNR . Dia tidak dapat mengelak ketika polisi menemukan barang bukti satu unit handphone , yang di dalam kotak pesannya terdapat angka tebakan togel . tak hanya itu , polisi juga menemukan uang Rp 200 ribu diduga hasil transaksi .","Polsek Dolok Masihul , Serdang Bedagai , Sumatera Utara , menangkap KNR ( 40 ) , pedagang DVD yang biasanya mangkal di Pasar Dolok Masihul karena mengedarkan kupon togel . KNR menjalani bisnis togel lantaran penghasilan dari berjualan   DVD kurang mencukupi untuk memenuhi kebutuhan keluarganya . Dia tidak dapat mengelak ketika polisi menemukan barang bukti satu unit handphone , yang di dalam kotak pesannya terdapat angka tebakan togel ."
